-- Include your INSERT SQL statements in this file.
-- Make sure to terminate each statement with a semicolon (;)

-- LEAVE this statement on. It is required to connect to your database.
CONNECT TO COMP421;

-- Guests
INSERT INTO Guests (gid,name,email,phone)
VALUES
  (1,'Arthur Pennington','donec.tempus@aol.ca','8729572839'),
  (3,'Keane Vasquez','integer@outlook.couk','5292282823'),
  (5,'Zenia Dominguez','etiam.laoreet.libero@hotmail.org','3385654154'),
  (6,'David Foster','posuere.cubilia@hotmail.edu','8238658264'),
  (9,'Zenia Stone','ligula.consectetuer@aol.ca','6446142229'),
  (10,'Haley Cooley','neque.nullam@outlook.edu','5717665688'),

  (2,'Cassidy Vang','amet.luctus.vulputate@google.couk','4312528621'),
  (4,'Daniel Sloan','sapien@hotmail.couk','9253789887'),
  (7,'Matthew Mcfarland','ut@hotmail.net','8773287445'),
  (8,'Byron Bradshaw','nibh.quisque@icloud.org','6834724387');

INSERT INTO Guests (gid,name,email,phone)
VALUES
  (12,'Aristotle Carr','vel@protonmail.ca','4653435337'),
  (13,'Duncan Rodgers','tincidunt.pede.ac@outlook.ca','4744269556'),
  (15,'Caesar Knapp','cursus.integer@aol.org','5126373483'),
  (16,'Beatrice Caldwell','rutrum.non@icloud.edu','3388568625'),
  (17,'Yvette Langley','rhoncus.donec@outlook.edu','5556567952'),
  (18,'Venus Gaines','malesuada.vel@yahoo.com','7441244374'),

  (11,'Quynn Skinner','purus@yahoo.couk','8851688751'),
  (14,'Victoria Kirk','in@icloud.edu','5279761658'),
  (19,'Nita Hickman','sed.leo@hotmail.com','2526688135'),
  (20,'Dai Houston','sed@outlook.ca','6457239385');

INSERT INTO Guests (gid,name,email,phone)
VALUES
  (21,'Kirby Gonzalez','mi.duis.risus@aol.ca','5836558882'),
  (22,'Ezekiel William','risus@yahoo.ca','1517953623'),
  (23,'Amela Pacheco','sapien.nunc@yahoo.org','5665694745'),
  (24,'Avram Mcleod','ultrices.iaculis@hotmail.couk','6926598427'),
  (25,'Guy Lee','tortor.integer.aliquam@icloud.couk','6193376542'),
  (26,'Kasper Preston','vulputate@google.net','5324688636'),
  (27,'Theodore Gallegos','luctus.curabitur@hotmail.ca','8628442494'),
  (28,'Callum Boyle','tellus@hotmail.ca','3362288242'),
  (29,'Jena Barnett','posuere.cubilia.curae@aol.org','2687468979'),

  (30,'Grace Ayala','vel@outlook.edu','2213968847');
INSERT INTO Guests (gid,name,email,phone)
VALUES
  (31,'Talon Witt','ut.cursus@icloud.com','6242237572'),
  (33,'Tucker Barron','consequat@aol.edu','4228447124'),
  (34,'Duncan Ross','nullam.nisl.maecenas@hotmail.ca','7892743442'),
  (35,'Quinn Richmond','non.dui.nec@protonmail.net','8851143456'),
  (36,'Michelle Mcdonald','nam@aol.net','5377894282'),
  (37,'Hedley Washington','non@yahoo.edu','2696277321'),
  (38,'Raja Morrow','eget@hotmail.ca','6534562588'),
  (39,'Jonas Stout','malesuada.ut@icloud.net','9785278227'),
  (40,'Karly Dean','curae.donec@protonmail.org','4783554693'),

  (32,'Brent Graham','fermentum.fermentum@protonmail.org','4365843856');
INSERT INTO Guests (gid,name,email,phone)
VALUES
  (42,'Stephen Leblanc','nam@icloud.com','2958887785'),
  (44,'Mia York','consequat@outlook.ca','4248669449'),
  (45,'Echo Rich','pretium.aliquet@protonmail.ca','9877317642'),
  (46,'Rafael Howard','aliquet.odio.etiam@outlook.net','3697462753'),
  (47,'Isaiah Harding','duis.dignissim@google.org','4178177467'),
  (48,'Willa Vance','tellus@icloud.org','5338237284'),
  (50,'Jillian Mcclure','phasellus.libero.mauris@hotmail.org','8224422932'),

  (41,'Eve Patel','felis.orci.adipiscing@yahoo.edu','2152594588'),
  (43,'Aaron Gould','ut.semper@protonmail.net','3295355495'),
  (49,'Constance Golden','donec@icloud.com','3543745287');
INSERT INTO Guests (gid,name,email,phone)
VALUES
  (51,'Ferris Barron','dui.in@icloud.com','3783855478'),
  (52,'Andrew Fitzpatrick','tristique.pharetra.quisque@protonmail.couk','6968264158'),
  (53,'Ivy Estrada','torquent@aol.ca','8831288649'),
  (54,'Curran Dale','ut.dolor@yahoo.ca','4925424983'),
  (55,'Dana Morton','fringilla.est@google.couk','5738443283'),
  (56,'Gail Roberts','aliquet.diam.sed@protonmail.ca','1955553482'),
  (60,'Asher Dalton','hendrerit.id@hotmail.couk','8384523687'),

  (57,'Amanda Shields','convallis.dolor@protonmail.couk','6928743226'),
  (58,'Cassandra Cochran','venenatis.lacus@protonmail.org','3294486665'),
  (59,'Sybill Curtis','non.sollicitudin@yahoo.com','3684832463');
INSERT INTO Guests (gid,name,email,phone)
VALUES
  (61,'Ferris English','dolor.nonummy@aol.couk','3935488678'),
  (62,'Jeremy Small','sit@outlook.org','8564753887'),
  (63,'Basia Bird','facilisis.suspendisse@aol.edu','9688372477'),
  (64,'Xavier Robinson','orci.in.consequat@outlook.ca','7368638355'),
  (66,'Derek Dale','ante@outlook.org','5455842755'),
  (67,'Vivian Hebert','sed.malesuada.augue@icloud.couk','7987922684'),
  (68,'Darryl Hudson','mi@aol.edu','1966717521'),
  (70,'Ursa Nieves','vel.convallis.in@yahoo.ca','9545848354'),

  (65,'Jason Lowe','in.at.pede@hotmail.ca','7777955785'),
  (69,'Ignatius Elliott','sit.amet@icloud.ca','6898235347');
INSERT INTO Guests (gid,name,email,phone)
VALUES
  (72,'Jorden Logan','semper@protonmail.org','2954384763'),
  (73,'Marcia Henry','ligula.aliquam@aol.edu','7754578589'),
  (74,'Isaac Booth','pharetra.nibh@protonmail.ca','3274536582'),
  (76,'Freya Dale','sapien.cursus.in@outlook.ca','6547964972'),
  (77,'Dana Vincent','et.libero.proin@icloud.net','5344883435'),
  (78,'Amity Livingston','sagittis.felis@yahoo.ca','5829587365'),
  (79,'Herman Hart','et.pede.nunc@yahoo.org','1887255662'),

  (71,'Ronan Compton','ligula@icloud.com','2156555192'),
  (75,'Elijah Roberts','gravida.nunc.sed@outlook.ca','7677386414'),
  (80,'Rogan Martin','imperdiet.dictum.magna@hotmail.couk','5883726773');
INSERT INTO Guests (gid,name,email,phone)
VALUES
  (81,'Ralph Nixon','nec.eleifend@yahoo.couk','5323971247'),
  (82,'Sawyer Tate','dignissim.lacus@protonmail.com','6555122161'),
  (83,'May Quinn','elit.pretium@icloud.ca','4469756484'),
  (84,'Dieter Mckinney','dolor.nulla.semper@protonmail.org','7438842758'),
  (85,'Halee Neal','ullamcorper@outlook.org','7874657524'),
  (87,'Castor Walters','sociis.natoque@google.net','9647752767'),
  (89,'Travis Davis','sociis@hotmail.com','4664935746'),
  (90,'Dustin William','eu.placerat.eget@protonmail.org','2274172338'),

  (86,'Sopoline Sloan','mauris.molestie.pharetra@aol.couk','3522319833'),
  (88,'Ivory Hopkins','iaculis.odio.nam@aol.couk','6575899236')
  ;
INSERT INTO Guests (gid,name,email,phone)
VALUES
  (93,'Cameron Soto','neque.nullam.nisl@yahoo.com','9863471745'),
  (96,'Cole Joseph','tellus@google.net','5225168748'),
  (97,'Gray Powers','imperdiet.dictum@icloud.com','6277975348'),
  (98,'Regan Stone','ac.feugiat.non@aol.org','8142523824'),
  (99,'Natalie Sims','massa.integer.vitae@yahoo.edu','7647159273'),
  (100,'Porter Brooks','posuere.cubilia@protonmail.com','6532883135'),

  (91,'Jermaine Taylor','erat.volutpat.nulla@icloud.ca','2473865699'),
  (92,'Quinn O''brien','mauris.vel@hotmail.edu','4986483673'),
  (94,'Herrod Conway','tempus.lorem@protonmail.edu','4625846184'),
  (95,'Ferris Larson','massa.mauris@yahoo.com','7725863885');

-- VIP Guests
INSERT INTO VIPGuest (gid,TierDiscount)
VALUES
  (2,5),
  (4,5),
  (7,5),
  (11, 5),
  (19,5),
  (69,5),
  (41,5),
  (80,5),
  (86,5),
  (88,5),
  (92,5),
  (94,5),

  (30,10),
  (32,10),
  (43,10),
  (49,10),
  (58,10),
  (59,10),
  (65,10),
  (91,10),
  (95,10),

  (20,15),
  (14,15),
  (57,15),
  (71,15),
  (75,15),
  (8,15);

-- Casual Guests
INSERT INTO CasualGuests (gid)
VALUES
  (1),
  (3),
  (5),
  (6),
  (9),
  (10),
  (12),
  (13),
  (15),
  (16),
  (17),
  (18),
  (21),
  (22),
  (23),
  (24),
  (25),
  (26),
  (27),
  (28),
  (29),
  (31),
  (33),
  (34),
  (35),
  (36),
  (37),
  (38),
  (39),
  (40),
  (42),
  (44),
  (45),
  (46),
  (47),
  (48),
  (50),
  (51),
  (52),
  (53),
  (54),
  (55),
  (56),
  (60),
  (61),
  (62),
  (63),
  (64),
  (66),
  (67),
  (68),
  (70),
  (72),
  (73),
  (74),
  (76),
  (77),
  (78),
  (79),
  (81),
  (82),
  (83),
  (84),
  (85),
  (87),
  (89),
  (90),
  (93),
  (96),
  (97),
  (98),
  (99),
  (100);

-- Rooms: 5 single, 5 double, 5 deluxe, 1 suite
INSERT INTO Rooms (RoomNum, RoomType, Capacity)
VALUES
  (101, 'Single', 1),
  (102, 'Single', 1),
  (103, 'Single', 1),
  (104, 'Single', 1),
  (105, 'Single', 1);
INSERT INTO Rooms (RoomNum, RoomType, Capacity)
VALUES
  (201, 'Double', 2),
  (202, 'Double', 2),
  (203, 'Double', 2),
  (204, 'Double', 2),
  (205, 'Double', 2);
INSERT INTO Rooms (RoomNum, RoomType, Capacity)
VALUES
  (301, 'Deluxe', 4),
  (302, 'Deluxe', 4),
  (303, 'Deluxe', 4),
  (304, 'Deluxe', 4),
  (305, 'Deluxe', 4);
INSERT INTO Rooms (RoomNum, RoomType, Capacity)
VALUES
  (401, 'Suite', 6);

-- Staff
INSERT INTO Staff (sid,name,birthdate)
VALUES
  (1,'Michael Maddox','83/11/06'),
  (2,'Imelda Shannon','04/04/30'),
  (3,'Shelby Dawson','01/03/02'),
  (4,'Ingrid Velez','92/10/18'),
  (5,'Lev Hartman','95/08/10'),
  (6,'Amos Goff','02/12/27'),
  (7,'Tiger Bean','93/12/21'),
  (8,'Merritt Lott','01/09/01'),
  (9,'Leah Burns','03/08/03'),
  (10,'Sylvester Mccarty','79/12/23'),
  (11,'Venus Bishop','83/03/17'),
  (12,'Dillon Macias','85/04/10'),
  (13,'Dara William','89/10/11');

INSERT INTO Assistants (sid, tier)
VALUES
  (1, 15),
  (4, 5),
  (10, 15),
  (11, 10),
  (13, 10),
  (5, 5);

INSERT INTO Cleaners (sid)
VALUES
  (2),
  (3),
  (6),
  (7),
  (8);

-- Reservations
INSERT INTO Reservations (ResID,CheckIn,CheckOut,GuestCount,RoomNum,gid,BookDate,CardNum,Cost)
VALUES
  (5569,'25/06/10','25/06/13',2,201,59,'25/01/03','4539973188678635',450),
  (5570,'25/06/10','25/06/13',2,202,59,'25/01/03','4539973188678635',450),
  (5571,'25/02/02','25/02/03',1,101,2,'25/01/25','4532382255228786',75),
  (5572,'25/06/08','25/06/15',2,203,70,'25/01/25','6484384763723541',1050),
  (5573,'25/01/28','25/01/30',1,101,46,'25/01/26','345666142583345',200),
  (5574,'25/06/06','25/06/20',3,302,41,'25/01/30','6494287144327239',3270),
  (5575,'25/02/03','25/02/06',1,102,16,'25/01/30','5344152757784353',100),
  (5576,'25/09/15','25/09/17',5,401,65,'25/02/01','4485555916316713',1700),
  (5577,'25/03/13','25/03/15',3,302,61,'25/02/01','342774752262250',400),
  (5578,'25/06/10','25/06/13',2,204,59,'25/02/05','4539973188678635',467);
INSERT INTO Reservations (ResID,CheckIn,CheckOut,GuestCount,RoomNum,gid,BookDate,CardNum,Cost)
VALUES
  (5579,'25/02/14','25/02/15',2,201,95,'25/02/05','4485634853963',275),
  (5580,'25/05/04','25/05/06',2,202,19,'25/02/07','6485438857641883',325),
  (5581,'25/03/30','25/04/05',3,303,85,'25/02/10','4716449683231',1750),
  (5582,'25/03/30','25/04/05',2,203,85,'25/02/10','4716449683231',1050),
  (5583,'25/07/21','25/07/23',1,105,92,'25/02/15','343558643534640',95),
  (5584,'25/03/22','25/03/29',4,301,77,'25/02/16','5543447445842442',1800),
  (5585,'25/02/23','25/02/24',2,205,25,'25/02/18','376974281326753',180),
  (5586,'25/02/23','25/02/27',2,204,89,'25/02/20','5245849356125918',790),
  (5587,'25/07/15','25/07/30',4,401,75,'25/02/22','375331787775242',10200),
  (5588,'25/06/14','25/06/15',1,101,95,'25/02/22','4485634853963',90);

-- Amenities
INSERT INTO Amenities (Name,OpenTime,CloseTime)
VALUES
  ('Breakfast','06:00','08:30'),
  ('WiFi',NULL,NULL),
  ('Parking',NULL,NULL),
  ('Room Service', NULL, NULL),
  ('Gym','06:00','22:00'),
  ('Spa','09:00','20:00'),
  ('Bar', '02:00', '23:00'),
  ('Conference Room', '08:00', '18:30'),
  ('Swimming Pool', '07:00', '22:00');

INSERT INTO PaidAmenities (Name,Cost)
VALUES
  ('Parking', 20),
  ('Spa', 300),
  ('Bar', 20),
  ('Room Service', 50),
  ('Conference Room', 500)
  ;

-- Assigned
INSERT INTO Assigned (GID,SID)
VALUES
  (2,11),
  (4,11),
  (7,13),
  (11,13),
  (19,4),
  (69,5),
  (41,5),
  (80,5),
  (86,5),
  (88,4),
  (92,4),
  (94,4),

  (30,1),
  (32,1),
  (43,10),
  (49,10),
  (58,11),
  (59,11),
  (65,11),
  (91,13),
  (95,13),

  (20,1),
  (14,1),
  (57,1),
  (71,10),
  (75,10),
  (8,10);

INSERT INTO Hosts (SID,ResID)
VALUES
  (11,5569),
  (11,5570),
  (11,5571),
  (4,5572),
  (1,5573),
  (4,5574),
  (4,5575),
  (4,5576),
  (5,5577),
  (10,5578),
  (1,5579),
  (1,5580),
  (5,5581),
  (10,5582),
  (5,5583),
  (5,5584),
  (4,5585),
  (4,5586),
  (13,5587),
  (13,5588);

INSERT INTO Cleans (SID, ResID, Tips)
VALUES
  (2,5569,5),
  (2,5570,5),
  (6,5571,0),
  (2,5572,5),
  (6,5573,5),
  (8,5574,10),
  (6,5575,5),
  (8,5576,50),
  (8,5577,5),
  (2,5578,5),
  (2,5579,2),
  (3,5580,1),
  (8,5581,10),
  (3,5582,10),
  (8,5583,1),
  (7,5584,10),
  (3,5585,2),
  (3,5586,15),
  (7,5587,100),
  (7,5588,0);

INSERT INTO Charges (Name,ResID,CardNum)
VALUES
  ('Parking',5569,'4539973188678635'),
  ('Bar',5571,'4532382255228786'),
  ('Bar',5572,'6484384763723541'),
  ('Bar',5573,'345666142583345'),
  ('Parking',5574,'6494287144327239'),
  ('Room Service',5575,'5344152757784353'),
  ('Bar',5575,'5344152757784353'),
  ('Parking', 5576,'4485555916316713'),
  ('Spa', 5576,'4485555916316713'),
  ('Room Service', 5576,'4485555916316713'),
  ('Spa',5578,'4539973188678635'),
  ('Room Service',5579,'4485634853963'),
  ('Parking',5579,'4485634853963'),
  ('Conference Room',5580,'6485438857641883'),
  ('Room Service',5582,'4716449683231'),
  ('Bar',5582,'4716449683233'),
  ('Parking',5584,'5543447445842442'),
  ('Bar',5586,'5245849356125918'),
  ('Parking',5587,'375331787775241'),
  ('Spa',5587,'375331787775241'),
  ('Parking',5588,'4485634853963'),
  ('Conference Room',5588,'4485634853963');